"DateTime","Average","Sweet Water Foundation A","Sweet Water Foundation B","BurrRidge01 A","BurrRidge01 B"
"2026-07-10 11:00:00",91.5,19,22,52,58
"2026-07-10 12:00:00",,19,23,52,56
"2026-07-10 13:00:00",,20,24,49,56
"2026-07-10 14:00:00",,30,39,43,52
"2026-07-10 15:00:00",,31,41,43,53
"2026-07-10 16:00:00",,27,37,43,53
"2026-07-10 17:00:00",,35,44,33,41
"2026-07-10 18:00:00",,49,54,34,43
"2026-07-10 19:00:00",,51,54,42,53
"2026-07-10 20:00:00",,52,56,51,57
"2026-07-10 21:00:00",,53,56,54,60
"2026-07-10 22:00:00",,54,57,56,63
"2026-07-10 23:00:00",,54,57,57,65
"2026-07-11 00:00:00",,55,57,61,69
"2026-07-11 01:00:00",,55,57,56,64
"2026-07-11 02:00:00",,55,58,56,64
"2026-07-11 03:00:00",,57,59,59,67
"2026-07-11 04:00:00",,60,62,61,69
"2026-07-11 05:00:00",,61,64,63,73
"2026-07-11 06:00:00",,61,64,64,74
"2026-07-11 07:00:00",,57,61,64,74
"2026-07-11 08:00:00",,52,55,62,71
"2026-07-11 09:00:00",,43,52,57,66
"2026-07-11 10:00:00",,23,28,42,53
"2026-07-11 11:00:00",,12,18,29,42
"2026-07-11 12:00:00",,12,17,30,42
"2026-07-11 13:00:00",,14,18,35,45
"2026-07-11 14:00:00",,17,21,34,43
"2026-07-11 15:00:00",,26,31,29,37
"2026-07-11 16:00:00",,31,39,48,56
"2026-07-11 17:00:00",,27,33,51,57
"2026-07-11 18:00:00",,26,29,43,52
"2026-07-11 19:00:00",,32,39,52,57
"2026-07-11 20:00:00",,44,52,55,62
"2026-07-11 21:00:00",,54,56,55,63
"2026-07-11 22:00:00",,60,64,57,65
"2026-07-11 23:00:00",,65,68,60,67
"2026-07-12 00:00:00",,63,66,61,70
"2026-07-12 01:00:00",,64,66,63,71
"2026-07-12 02:00:00",,64,66,63,72
"2026-07-12 03:00:00",,64,66,65,74
"2026-07-12 04:00:00",,64,67,65,75
"2026-07-12 05:00:00",,64,68,66,75
"2026-07-12 06:00:00",,65,69,66,76
"2026-07-12 07:00:00",,66,71,68,77
"2026-07-12 08:00:00",,65,70,68,78
"2026-07-12 09:00:00",,63,68,74,85
"2026-07-12 10:00:00",,56,60,72,83
"2026-07-12 11:00:00",,56,61,68,77
"2026-07-12 12:00:00",,59,64,65,74
"2026-07-12 13:00:00",,59,63,64,73
"2026-07-12 14:00:00",,56,64,62,71
"2026-07-12 15:00:00",,58,64,62,71
"2026-07-12 16:00:00",,60,62,64,74
"2026-07-12 17:00:00",,56,63,63,72
"2026-07-12 18:00:00",,54,58,65,75
"2026-07-12 19:00:00",,56,60,65,75
"2026-07-12 20:00:00",,60,65,67,77
"2026-07-12 21:00:00",,63,67,69,79
"2026-07-12 22:00:00",,65,69,71,82
"2026-07-12 23:00:00",,65,70,70,82
"2026-07-13 00:00:00",,66,70,71,83
"2026-07-13 01:00:00",,68,72,74,86
"2026-07-13 02:00:00",,69,75,76,86
"2026-07-13 03:00:00",,72,77,75,86
"2026-07-13 04:00:00",,76,82,78,89
"2026-07-13 05:00:00",,80,87,79,90
"2026-07-13 06:00:00",,85,92,82,93
"2026-07-13 07:00:00",,88,94,82,93
"2026-07-13 08:00:00",,83,89,78,90
"2026-07-13 09:00:00",,85,90,78,90
"2026-07-13 10:00:00",,77,84,77,88
"2026-07-13 11:00:00",,68,75,72,84
"2026-07-13 12:00:00",,68,75,70,81
"2026-07-13 13:00:00",,62,68,68,79
"2026-07-13 14:00:00",,58,63,67,78
"2026-07-13 15:00:00",,58,64,67,77
"2026-07-13 16:00:00",,59,66,66,75
"2026-07-13 17:00:00",,59,64,63,73
"2026-07-13 18:00:00",,60,65,62,70
"2026-07-13 19:00:00",,63,69,60,69
"2026-07-13 20:00:00",,70,76,62,71
"2026-07-13 21:00:00",,81,87,64,74
"2026-07-13 22:00:00",,90,95,66,77
"2026-07-13 23:00:00",,93,98,67,77
"2026-07-14 00:00:00",,98,106,68,77
"2026-07-14 01:00:00",,96,102,73,83
"2026-07-14 02:00:00",,90,95,74,85
"2026-07-14 03:00:00",,83,89,71,82
"2026-07-14 04:00:00",,81,86,69,80
"2026-07-14 05:00:00",,80,87,68,79
"2026-07-14 06:00:00",,83,89,67,79
"2026-07-14 07:00:00",,83,89,65,75
"2026-07-14 08:00:00",,82,88,64,74
"2026-07-14 09:00:00",,72,79,64,72
"2026-07-14 10:00:00",,65,72,63,72
"2026-07-14 11:00:00",,60,66,63,73
"2026-07-14 12:00:00",,60,67,59,67
"2026-07-14 13:00:00",,61,69,56,64
"2026-07-14 14:00:00",,61,67,57,65
"2026-07-14 15:00:00",,67,74,60,67
"2026-07-14 16:00:00",,64,67,59,67
"2026-07-14 17:00:00",,59,64,58,65
"2026-07-14 18:00:00",,54,58,57,64
"2026-07-14 19:00:00",,58,62,56,64
"2026-07-14 20:00:00",,61,66,57,64
"2026-07-14 21:00:00",,63,69,57,65
"2026-07-14 22:00:00",,66,71,58,65
"2026-07-14 23:00:00",,65,70,59,66
"2026-07-15 00:00:00",,67,71,59,67
"2026-07-15 01:00:00",,69,74,61,69
"2026-07-15 02:00:00",,70,75,62,70
"2026-07-15 03:00:00",,70,76,62,70
"2026-07-15 04:00:00",,71,77,63,72
"2026-07-15 05:00:00",,71,78,63,74
"2026-07-15 06:00:00",,75,81,63,72
"2026-07-15 07:00:00",,70,75,61,69
"2026-07-15 08:00:00",,65,70,58,65
"2026-07-15 09:00:00",,57,62,56,62
"2026-07-15 10:00:00",,54,58,58,65
"2026-07-15 11:00:00",,52,56,55,62
"2026-07-15 12:00:00",,56,62,54,61
"2026-07-15 13:00:00",,54,61,55,61
"2026-07-15 14:00:00",,53,58,56,62
"2026-07-15 15:00:00",,51,56,56,62
"2026-07-15 16:00:00",,52,57,53,59
"2026-07-15 17:00:00",,50,55,52,58
"2026-07-15 18:00:00",,51,55,52,57
"2026-07-15 19:00:00",,55,59,49,56
"2026-07-15 20:00:00",,56,61,44,55
"2026-07-15 21:00:00",,61,65,49,57
"2026-07-15 22:00:00",,67,72,55,61
"2026-07-15 23:00:00",,68,73,55,61
"2026-07-16 00:00:00",,70,75,61,68
"2026-07-16 01:00:00",,84,90,68,78
"2026-07-16 02:00:00",,104,110,79,90
"2026-07-16 03:00:00",,114,121,80,90
"2026-07-16 04:00:00",,156,160,81,92
"2026-07-16 05:00:00",,235,244,102,121
"2026-07-16 06:00:00",,265,272,186,209
"2026-07-16 07:00:00",,268,275,208,242
"2026-07-16 08:00:00",,265,273,214,249
"2026-07-16 09:00:00",,257,268,214,251
"2026-07-16 10:00:00",,233,250,199,234
"2026-07-16 11:00:00",,248,263,185,209
"2026-07-16 12:00:00",,267,282,171,188
"2026-07-16 13:00:00",,314,344,149,161
"2026-07-16 14:00:00",,342,375,145,160
"2026-07-16 15:00:00",,371,404,243,284
"2026-07-16 16:00:00",,352,382,268,330
"2026-07-16 17:00:00",,388,415,245,288
"2026-07-16 18:00:00",,369,393,245,287
"2026-07-16 19:00:00",,411,424,307,415
"2026-07-16 20:00:00",,475,477,388,507
"2026-07-16 21:00:00",,503,501,410,532
"2026-07-16 22:00:00",,498,492,407,530
"2026-07-16 23:00:00",,449,448,411,532
"2026-07-17 00:00:00",,386,391,374,492
"2026-07-17 01:00:00",,338,346,301,408
"2026-07-17 02:00:00",,315,322,276,351
"2026-07-17 03:00:00",,304,313,271,344
"2026-07-17 04:00:00",,304,309,270,336
"2026-07-17 05:00:00",,309,315,269,335
"2026-07-17 06:00:00",,303,308,271,342
"2026-07-17 07:00:00",,286,292,260,312
"2026-07-17 08:00:00",,258,265,233,273
"2026-07-17 09:00:00",,208,216,195,226
"2026-07-17 10:00:00",,187,193,191,217
"2026-07-17 11:00:00",,158,162,154,166
"2026-07-17 12:00:00",,107,105,115,137
"2026-07-17 13:00:00",,94,93,95,112
"2026-07-17 14:00:00",,91,93,91,105
"2026-07-17 15:00:00",,80,85,66,75
"2026-07-17 16:00:00",,63,67,83,94
"2026-07-17 17:00:00",,75,81,72,82
"2026-07-17 18:00:00",,69,75,59,68
"2026-07-17 19:00:00",,61,66,60,68
"2026-07-17 20:00:00",,61,65,59,68
"2026-07-17 21:00:00",,63,68,60,68
"2026-07-17 22:00:00",,70,76,60,68
"2026-07-17 23:00:00",,70,76,62,70
"2026-07-18 00:00:00",,68,73,62,71
"2026-07-18 01:00:00",,66,71,61,68
"2026-07-18 02:00:00",,65,70,59,66
"2026-07-18 03:00:00",,63,68,54,60
"2026-07-18 04:00:00",,61,65,51,57
"2026-07-18 05:00:00",,56,60,45,52
"2026-07-18 06:00:00",,52,55,40,48
"2026-07-18 07:00:00",,46,52,34,43
"2026-07-18 08:00:00",,36,42,31,37
"2026-07-18 09:00:00",,29,36,30,36
"2026-07-18 10:00:00",,26,31,28,35
"2026-07-18 11:00:00",,24,29,32,38
"2026-07-18 12:00:00",,30,35,34,43
"2026-07-18 13:00:00",,35,43,47,54
"2026-07-18 14:00:00",,47,53,52,57
"2026-07-18 15:00:00",,54,57,60,68
"2026-07-18 16:00:00",,54,58,60,68
"2026-07-18 17:00:00",,99,103,67,76
"2026-07-18 18:00:00",,118,122,97,115
"2026-07-18 19:00:00",,139,148,124,149
"2026-07-18 20:00:00",,155,158,139,158
"2026-07-18 21:00:00",,168,171,153,165
"2026-07-18 22:00:00",,183,186,169,185
"2026-07-18 23:00:00",,191,194,181,202
"2026-07-19 00:00:00",,176,179,177,195
"2026-07-19 01:00:00",,156,159,163,178
"2026-07-19 02:00:00",,151,153,150,162
"2026-07-19 03:00:00",,152,155,131,153
"2026-07-19 04:00:00",,155,157,134,154
"2026-07-19 05:00:00",,158,161,135,154
"2026-07-19 06:00:00",,155,158,140,158
"2026-07-19 07:00:00",,145,152,147,160
"2026-07-19 08:00:00",,133,137,133,153
"2026-07-19 09:00:00",,126,132,126,148
"2026-07-19 10:00:00",,118,126,126,148
"2026-07-19 11:00:00",,113,118,122,143
"2026-07-19 12:00:00",,108,111,118,138
"2026-07-19 13:00:00",,106,109,115,134
"2026-07-19 14:00:00",,108,111,109,128
"2026-07-19 15:00:00",,113,114,113,132
"2026-07-19 16:00:00",,116,116,118,138
"2026-07-19 17:00:00",,118,120,116,137
"2026-07-19 18:00:00",,118,122,120,143
"2026-07-19 19:00:00",,124,130,116,137
"2026-07-19 20:00:00",,131,137,116,136
"2026-07-19 21:00:00",,134,139,124,145
"2026-07-19 22:00:00",,134,138,129,152
"2026-07-19 23:00:00",,132,138,129,151
"2026-07-20 00:00:00",,131,138,130,151
"2026-07-20 01:00:00",,129,138,129,150
"2026-07-20 02:00:00",,130,139,129,150
"2026-07-20 03:00:00",,132,141,131,149
"2026-07-20 04:00:00",,133,143,131,151
"2026-07-20 05:00:00",,135,146,130,150
"2026-07-20 06:00:00",,136,146,129,148
"2026-07-20 07:00:00",,134,140,124,141
"2026-07-20 08:00:00",,128,132,117,135
"2026-07-20 09:00:00",,120,125,112,131
"2026-07-20 10:00:00",,111,119,113,132
"2026-07-20 11:00:00",,117,125,113,133
"2026-07-20 12:00:00",,403,427,114,134
"2026-07-20 13:00:00",,129,135,115,134
"2026-07-20 14:00:00",,119,125,114,133
"2026-07-20 15:00:00",,113,119,113,133
"2026-07-20 16:00:00",,110,113,115,134
"2026-07-20 17:00:00",,110,113,116,135
"2026-07-20 18:00:00",,118,124,116,137
"2026-07-20 19:00:00",,126,131,117,137
"2026-07-20 20:00:00",,130,134,114,133
"2026-07-20 21:00:00",,130,134,114,133
"2026-07-20 22:00:00",,131,135,116,135
"2026-07-20 23:00:00",,130,134,110,129
"2026-07-21 00:00:00",,124,128,98,115
"2026-07-21 01:00:00",,105,110,81,93
"2026-07-21 02:00:00",,92,95,73,85
"2026-07-21 03:00:00",,84,87,60,68
"2026-07-21 04:00:00",,77,80,32,46
"2026-07-21 05:00:00",,65,68,22,33
"2026-07-21 06:00:00",,55,57,24,38
"2026-07-21 07:00:00",,45,51,31,45
"2026-07-21 08:00:00",,51,53,49,56
"2026-07-21 09:00:00",,56,59,59,66
"2026-07-21 10:00:00",,60,65,68,78
"2026-07-21 11:00:00",,66,72,74,84
"2026-07-21 12:00:00",,62,68,70,79
"2026-07-21 13:00:00",,59,64,65,73
"2026-07-21 14:00:00",,58,62,58,65
"2026-07-21 15:00:00",,51,55,52,57
"2026-07-21 16:00:00",,47,53,45,54
"2026-07-21 17:00:00",,45,53,46,55
"2026-07-21 18:00:00",,33,40,41,52
"2026-07-21 19:00:00",,21,26,38,48
"2026-07-21 20:00:00",,10,11,11,20
"2026-07-21 21:00:00",,17,18,8,16
"2026-07-21 22:00:00",,18,19,11,21
"2026-07-21 23:00:00",,11,12,9,20
"2026-07-22 00:00:00",,4,6,2,9
"2026-07-22 01:00:00",,2,3,0,6
"2026-07-22 02:00:00",,2,2,0,4
"2026-07-22 03:00:00",,2,3,0,3
"2026-07-22 04:00:00",,3,3,1,3
"2026-07-22 05:00:00",,2,3,2,4
"2026-07-22 06:00:00",,5,6,3,4
"2026-07-22 07:00:00",,7,10,3,5
"2026-07-22 08:00:00",,6,8,4,7
"2026-07-22 09:00:00",,4,5,4,7
"2026-07-22 10:00:00",,4,4,2,8
"2026-07-22 11:00:00",,2,2,3,11
"2026-07-22 12:00:00",,4,6,5,14
"2026-07-22 13:00:00",,7,8,9,19
"2026-07-22 14:00:00",,8,9,17,28
"2026-07-22 15:00:00",,12,11,17,28
"2026-07-22 16:00:00",,9,11,17,28
"2026-07-22 17:00:00",,11,11,12,21
"2026-07-22 18:00:00",,9,8,13,23
"2026-07-22 19:00:00",,10,13,24,35
"2026-07-22 20:00:00",,14,17,16,27
"2026-07-22 21:00:00",,16,19,21,32
"2026-07-22 22:00:00",,16,18,28,38
"2026-07-22 23:00:00",,21,21,26,35
"2026-07-23 00:00:00",,32,34,28,38
"2026-07-23 01:00:00",,39,45,31,41
"2026-07-23 02:00:00",,45,50,37,49
"2026-07-23 03:00:00",,46,52,39,52
"2026-07-23 04:00:00",,49,53,43,52
"2026-07-23 05:00:00",,48,53,42,53
"2026-07-23 06:00:00",,53,55,42,53
"2026-07-23 07:00:00",,60,63,34,46
"2026-07-23 08:00:00",,57,60,23,32
"2026-07-23 09:00:00",,31,34,16,26
"2026-07-23 10:00:00",,17,21,18,30
"2026-07-23 11:00:00",,13,16,22,34
"2026-07-23 12:00:00",,19,33,22,36
"2026-07-23 13:00:00",,29,41,23,34
"2026-07-23 14:00:00",,16,23,23,35
"2026-07-23 15:00:00",,16,26,29,40
"2026-07-23 16:00:00",,16,27,28,41
"2026-07-23 17:00:00",,13,15,41,53
"2026-07-23 18:00:00",,14,15,49,56
"2026-07-23 19:00:00",,19,26,49,57
"2026-07-23 20:00:00",,28,34,48,57
"2026-07-23 21:00:00",,36,42,49,56
"2026-07-23 22:00:00",,37,42,48,57
"2026-07-23 23:00:00",,38,44,47,57
"2026-07-24 00:00:00",,47,52,48,57
"2026-07-24 01:00:00",,52,55,49,56
"2026-07-24 02:00:00",,53,56,49,56
"2026-07-24 03:00:00",,53,56,51,56
"2026-07-24 04:00:00",,51,55,51,57
"2026-07-24 05:00:00",,50,54,48,55
"2026-07-24 06:00:00",,48,52,48,55
"2026-07-24 07:00:00",,45,51,42,53
"2026-07-24 08:00:00",,44,49,46,55
"2026-07-24 09:00:00",,41,47,44,55
"2026-07-24 10:00:00",91.5,28,34,36,52